total_enrolments,total_updates,adult_system_stress,child_system_stress,age_18_greater,demo_age_5_17,bio_age_5_17,month,risk_score,predicted_high_friction
1624,26375.0,21212.0,5163.0,95,1010.0,4153.0,12,0.0074119195,0
435,4966.0,3289.0,1677.0,3,207.0,1470.0,10,0.0016011404,0
148,0.0,0.0,0.0,0,0.0,0.0,12,0.02549786,0
127,1131.0,866.0,265.0,14,28.0,237.0,9,0.0009867981,0
138,3814.0,2468.0,1346.0,0,567.0,779.0,12,0.858008,1
1821,13626.0,9203.0,4423.0,44,750.0,3673.0,10,0.005347021,0
424,6328.0,4230.0,2098.0,2,340.0,1758.0,11,0.0029105907,0
960,8034.0,5883.0,2151.0,21,319.0,1832.0,10,0.000412636,0
1622,18333.0,10814.0,7519.0,19,544.0,6975.0,12,0.0010551855,0
922,11378.0,9289.0,2089.0,20,214.0,1875.0,10,0.0022675595,0
1698,30044.0,22829.0,7215.0,104,1633.0,5582.0,12,0.010992633,0
3564,21730.0,14842.0,6888.0,18,952.0,5936.0,9,0.034434177,0
951,7058.0,4818.0,2240.0,0,387.0,1853.0,10,0.00512527,0
5706,41201.0,34392.0,6809.0,27,1305.0,5504.0,10,0.0014024229,0
235,4707.0,2829.0,1878.0,1,371.0,1507.0,12,0.023963645,0
365,20063.0,13893.0,6170.0,22,389.0,5781.0,7,0.022587858,0
393,2345.0,1999.0,346.0,0,156.0,190.0,9,0.016704421,0
1981,18617.0,12303.0,6314.0,36,796.0,5518.0,11,0.007925053,0
2062,28932.0,15446.0,13486.0,34,2037.0,11449.0,11,0.67646843,1
496,10949.0,8301.0,2648.0,7,609.0,2039.0,12,0.022716682,0
646,9966.0,8797.0,1169.0,4,401.0,768.0,9,0.1124664,0
690,38134.0,19552.0,18582.0,1,1481.0,17101.0,12,0.037857935,0
131,46575.0,34435.0,12140.0,14,1109.0,11031.0,3,0.0032972107,0
1065,6787.0,4794.0,1993.0,5,274.0,1719.0,10,0.0008768088,0
5060,43607.0,27511.0,16096.0,866,1958.0,14138.0,5,0.00018402883,0
1522,25573.0,21567.0,4006.0,23,274.0,3732.0,7,0.04612766,0
1113,14578.0,10726.0,3852.0,26,544.0,3308.0,11,0.0015111838,0
88,22989.0,15144.0,7845.0,12,158.0,7687.0,6,0.017575014,0
750,5995.0,2973.0,3022.0,19,184.0,2838.0,10,0.00040603493,0
1560,14289.0,11306.0,2983.0,8,573.0,2410.0,9,0.0120986765,0
1298,17629.0,12826.0,4803.0,17,618.0,4185.0,11,0.014547981,0
550,18212.0,11782.0,6430.0,17,331.0,6099.0,12,0.0015770949,0
3594,7334.0,4804.0,2530.0,141,542.0,1988.0,7,0.00043754667,0
1817,24753.0,18925.0,5828.0,152,1033.0,4795.0,11,0.017004373,0
971,16142.0,7847.0,8295.0,5,326.0,7969.0,11,0.0023355037,0
565,3934.0,2970.0,964.0,0,964.0,0.0,11,0.004909858,0
1985,35019.0,23204.0,11815.0,8,1413.0,10402.0,11,0.03646281,0
15,537.0,438.0,99.0,0,41.0,58.0,9,0.16723968,0
1666,31501.0,17381.0,14120.0,37,677.0,13443.0,5,0.001100808,0
416,18291.0,11363.0,6928.0,98,934.0,5994.0,3,0.10093313,0
383,6925.0,5259.0,1666.0,0,165.0,1501.0,10,0.014900897,0
2300,18055.0,12943.0,5112.0,28,796.0,4316.0,10,0.045450527,0
407,3156.0,2486.0,670.0,42,94.0,576.0,9,0.0035167797,0
773,11249.0,4163.0,7086.0,56,0.0,7086.0,7,0.001843076,0
3224,61364.0,44000.0,17364.0,264,2977.0,14387.0,12,0.003065946,0
490,4321.0,3292.0,1029.0,35,287.0,742.0,10,0.00497574,0
282,18196.0,12427.0,5769.0,10,164.0,5605.0,4,0.008892309,0
903,8175.0,5198.0,2977.0,1,370.0,2607.0,9,0.006795655,0
843,18744.0,12634.0,6110.0,5,258.0,5852.0,12,0.0037387703,0
431,10002.0,7293.0,2709.0,77,0.0,2709.0,6,0.006198363,0
722,15236.0,10187.0,5049.0,1,747.0,4302.0,12,0.014897418,0
2598,25495.0,20962.0,4533.0,66,1217.0,3316.0,12,0.0053652143,0
302,2648.0,1349.0,1299.0,2,135.0,1164.0,10,0.002858643,0
636,15710.0,8825.0,6885.0,50,0.0,6885.0,5,0.0060330792,0
2866,29451.0,15927.0,13524.0,4,1703.0,11821.0,9,0.017380623,0
1638,11491.0,8424.0,3067.0,71,400.0,2667.0,9,0.0049132723,0
394,3344.0,2629.0,715.0,33,205.0,510.0,10,0.0019295693,0
732,66510.0,52507.0,14003.0,231,4941.0,9062.0,3,0.0027231548,0
205,3717.0,2454.0,1263.0,0,93.0,1170.0,10,0.3510245,0
201,912.0,730.0,182.0,9,36.0,146.0,9,0.00062392384,0
2263,18968.0,8772.0,10196.0,29,893.0,9303.0,9,0.068314105,0
1969,23601.0,17266.0,6335.0,4,1102.0,5233.0,12,0.00424055,0
3181,37288.0,26425.0,10863.0,67,1882.0,8981.0,11,0.003653667,0
2194,14834.0,10824.0,4010.0,4,697.0,3313.0,9,0.007523306,0
912,48994.0,32037.0,16957.0,15,4527.0,12430.0,4,0.005020947,0
28,1301.0,941.0,360.0,5,50.0,310.0,12,0.0021913252,0
391,5913.0,2547.0,3366.0,3,163.0,3203.0,11,0.00072383246,0
518,5867.0,4687.0,1180.0,64,167.0,1013.0,9,0.010834677,0
52,1432.0,1001.0,431.0,1,95.0,336.0,12,0.06463424,0
539,5353.0,3685.0,1668.0,2,143.0,1525.0,12,0.0011601372,0
30,0.0,0.0,0.0,0,0.0,0.0,10,0.93905073,1
10952,74136.0,61436.0,12700.0,237,2525.0,10175.0,9,0.00031339677,0
752,9907.0,2975.0,6932.0,28,0.0,6932.0,5,0.00024250573,0
985,24160.0,17816.0,6344.0,26,1637.0,4707.0,6,0.08353416,0
968,28764.0,16360.0,12404.0,43,714.0,11690.0,7,0.006636163,0
4317,40211.0,32816.0,7395.0,8,2051.0,5344.0,9,0.0019623628,0
506,5586.0,3961.0,1625.0,1,249.0,1376.0,9,0.019734643,0
904,7569.0,4812.0,2757.0,14,321.0,2436.0,10,0.00033888058,0
2826,26244.0,5999.0,20245.0,103,0.0,20245.0,5,0.004036323,0
3970,49885.0,31291.0,18594.0,36,5018.0,13576.0,11,0.057710644,0
1074,9248.0,5470.0,3778.0,2,493.0,3285.0,10,0.00094592414,0
361,10546.0,5148.0,5398.0,17,886.0,4512.0,12,0.0020650348,0
237,19987.0,10971.0,9016.0,38,168.0,8848.0,7,0.022218714,0
93,2582.0,1927.0,655.0,0,171.0,484.0,9,0.914552,1
435,10670.0,5012.0,5658.0,1,292.0,5366.0,11,0.001781461,0
1628,17886.0,6275.0,11611.0,37,0.0,11611.0,5,0.00033679302,0
652,2925.0,1964.0,961.0,2,171.0,790.0,9,0.0070528137,0
96,29514.0,19598.0,9916.0,10,0.0,9916.0,4,0.0017787598,0
818,160.0,72.0,88.0,308,0.0,88.0,6,0.0001545625,0
528,14303.0,8868.0,5435.0,72,0.0,5435.0,6,0.020173516,0
70,380.0,211.0,169.0,0,57.0,112.0,9,0.093409166,0
491,3606.0,2306.0,1300.0,0,106.0,1194.0,10,0.0049243025,0
2319,94951.0,81241.0,13710.0,44,1159.0,12551.0,11,0.001412974,0
2211,21439.0,15218.0,6221.0,24,969.0,5252.0,12,0.0069091036,0
870,7297.0,5673.0,1624.0,33,296.0,1328.0,10,0.0005436049,0
1090,20098.0,14670.0,5428.0,10,789.0,4639.0,12,0.008064943,0
150,32192.0,24257.0,7935.0,10,2048.0,5887.0,3,0.0047370614,0
4069,46099.0,35028.0,11071.0,28,2660.0,8411.0,12,0.0016621255,0
480,7886.0,5829.0,2057.0,1,155.0,1902.0,10,0.007379271,0
2587,22400.0,15097.0,7303.0,46,1141.0,6162.0,9,0.09258213,0
5,363.0,317.0,46.0,1,37.0,9.0,12,0.52888304,0
553,11960.0,7902.0,4058.0,2,372.0,3686.0,12,0.0026913045,0
123,1672.0,1117.0,555.0,0,156.0,399.0,10,0.4970571,0
3872,24758.0,21012.0,3746.0,2,1074.0,2672.0,10,0.0028113988,0
40,633.0,307.0,326.0,0,29.0,297.0,10,0.08942992,0
771,11979.0,6728.0,5251.0,0,351.0,4900.0,11,0.0030914138,0
11,656.0,531.0,125.0,0,19.0,106.0,11,0.30228835,0
50,18734.0,15408.0,3326.0,19,777.0,2549.0,3,0.047397275,0
20,423.0,370.0,53.0,0,53.0,0.0,10,0.732331,1
48,19.0,16.0,3.0,0,3.0,0.0,10,0.93987465,1
146,2314.0,1845.0,469.0,0,187.0,282.0,9,0.5968295,0
177,1223.0,1021.0,202.0,0,44.0,158.0,9,0.07163439,0
384,6579.0,4814.0,1765.0,1,318.0,1447.0,9,0.014069818,0
5696,26849.0,14643.0,12206.0,348,384.0,11822.0,5,0.00041593882,0
223,11530.0,5194.0,6336.0,17,114.0,6222.0,7,0.0031736903,0
1559,35713.0,22772.0,12941.0,3,1938.0,11003.0,12,0.5812931,0
150,1352.0,408.0,944.0,2,17.0,927.0,10,0.003784217,0
1748,12306.0,2861.0,9445.0,299,0.0,9445.0,4,0.00026468743,0
3022,16149.0,9838.0,6311.0,17,866.0,5445.0,9,0.03293501,0
432,3464.0,2469.0,995.0,3,208.0,787.0,10,0.006391339,0
559,6055.0,4685.0,1370.0,18,327.0,1043.0,10,0.003851366,0
68,28880.0,19645.0,9235.0,37,522.0,8713.0,3,0.04390012,0
4889,35104.0,24440.0,10664.0,31,3135.0,7529.0,9,0.010464345,0
27,0.0,0.0,0.0,0,0.0,0.0,9,0.96015114,1
58,22124.0,12344.0,9780.0,11,0.0,9780.0,5,0.000729243,0
22,557.0,251.0,306.0,0,28.0,278.0,10,0.07970917,0
1571,21895.0,14353.0,7542.0,20,794.0,6748.0,11,0.0060346946,0
988,14759.0,8924.0,5835.0,2,1142.0,4693.0,9,0.0137933735,0
423,1640.0,1105.0,535.0,48,137.0,398.0,10,0.0004391659,0
1413,25301.0,12916.0,12385.0,5,1336.0,11049.0,10,0.27571875,0
969,19765.0,13824.0,5941.0,40,799.0,5142.0,12,0.0059433733,0
2948,17465.0,8005.0,9460.0,85,0.0,9460.0,5,0.0020368707,0
1094,9641.0,5182.0,4459.0,16,493.0,3966.0,12,0.0003853995,0
2529,16033.0,12029.0,4004.0,1,1223.0,2781.0,9,0.12843129,0
60,19355.0,14897.0,4458.0,28,1194.0,3264.0,3,0.10248055,0
2987,24403.0,21246.0,3157.0,37,1008.0,2149.0,9,0.037310537,0
644,66866.0,46089.0,20777.0,25,2690.0,18087.0,5,0.001000992,0
748,9116.0,4993.0,4123.0,7,475.0,3648.0,12,0.00074581464,0
996,11597.0,8824.0,2773.0,5,489.0,2284.0,9,0.009062588,0
1177,9582.0,5660.0,3922.0,117,0.0,3922.0,5,0.000597897,0
210,0.0,0.0,0.0,0,0.0,0.0,11,0.007950576,0
289,12125.0,7843.0,4282.0,12,0.0,4282.0,4,0.0021267293,0
225,8561.0,4403.0,4158.0,4,247.0,3911.0,12,0.0025416068,0
2466,23459.0,13978.0,9481.0,103,951.0,8530.0,10,0.0246922,0
2563,6514.0,4204.0,2310.0,21,356.0,1954.0,9,0.0013024012,0
5164,51115.0,38704.0,12411.0,35,3109.0,9302.0,9,0.000770335,0
9,702.0,491.0,211.0,0,15.0,196.0,12,0.19894622,0
1003,8917.0,6822.0,2095.0,1,431.0,1664.0,10,0.003270218,0
128,4137.0,3015.0,1122.0,8,258.0,864.0,12,0.0615169,0
3885,26896.0,18780.0,8116.0,6,1965.0,6151.0,9,0.019480715,0
1462,12014.0,8247.0,3767.0,0,502.0,3265.0,9,0.14165029,0
402,5029.0,3853.0,1176.0,7,269.0,907.0,10,0.022534283,0
47,207.0,204.0,3.0,0,3.0,0.0,10,0.9796045,1
236,10853.0,9131.0,1722.0,0,293.0,1429.0,9,0.7585541,1
1331,19030.0,9133.0,9897.0,0,459.0,9438.0,9,0.012995971,0
30,816.0,738.0,78.0,0,78.0,0.0,12,0.38193354,0
4569,43336.0,17624.0,25712.0,75,415.0,25297.0,7,0.0013851612,0
1345,8150.0,5816.0,2334.0,2,297.0,2037.0,11,0.0008323133,0
10,197.0,102.0,95.0,0,13.0,82.0,11,0.2638393,0
2757,42668.0,21190.0,21478.0,41,680.0,20798.0,7,0.006672897,0
716,4275.0,2546.0,1729.0,1,183.0,1546.0,12,0.0015935799,0
35,0.0,0.0,0.0,0,0.0,0.0,11,0.9181715,1
2183,14325.0,11142.0,3183.0,3,721.0,2462.0,11,0.003499304,0
1995,25296.0,11505.0,13791.0,5,685.0,13106.0,9,0.0030008373,0
1422,34288.0,22350.0,11938.0,12,2231.0,9707.0,11,0.78265536,1
254,5811.0,3298.0,2513.0,1,83.0,2430.0,10,0.00834303,0
193,1072.0,925.0,147.0,7,47.0,100.0,9,0.0018492137,0
622,9549.0,6286.0,3263.0,10,332.0,2931.0,11,0.00062136585,0
1,57.0,40.0,17.0,0,6.0,11.0,12,0.14086628,0
435,10991.0,8225.0,2766.0,10,279.0,2487.0,6,0.0058114678,0
171,491.0,262.0,229.0,15,0.0,229.0,7,0.003132207,0
79,10812.0,8884.0,1928.0,0,440.0,1488.0,12,0.738851,1
845,16122.0,11871.0,4251.0,2,473.0,3778.0,10,0.012266981,0
2900,43358.0,32831.0,10527.0,141,2217.0,8310.0,12,0.0012620781,0
609,9914.0,6711.0,3203.0,1,556.0,2647.0,12,0.006375162,0
1118,9479.0,6884.0,2595.0,14,441.0,2154.0,9,0.0031797953,0
406,13582.0,9547.0,4035.0,10,196.0,3839.0,6,0.0063404264,0
428,12607.0,3194.0,9413.0,41,0.0,9413.0,4,0.00034967318,0
10,464.0,363.0,101.0,0,25.0,76.0,10,0.27867478,0
1859,14036.0,10476.0,3560.0,27,811.0,2749.0,11,0.0029878004,0
195,759.0,461.0,298.0,3,42.0,256.0,10,0.0007778585,0
801,14506.0,10470.0,4036.0,6,433.0,3603.0,12,0.0022487126,0
4438,79248.0,55478.0,23770.0,5,1758.0,22012.0,12,0.0031870839,0
1671,10789.0,8053.0,2736.0,25,646.0,2090.0,10,0.0028030789,0
70,17700.0,11023.0,6677.0,15,0.0,6677.0,7,0.0049224426,0
229,15177.0,8205.0,6972.0,24,0.0,6972.0,6,0.007853879,0
1,264.0,247.0,17.0,0,17.0,0.0,12,0.873084,1
246,6549.0,4602.0,1947.0,18,78.0,1869.0,10,0.0017751246,0
456,3850.0,2750.0,1100.0,18,201.0,899.0,10,0.002067242,0
294,12772.0,9230.0,3542.0,54,224.0,3318.0,6,0.0066956603,0
429,13002.0,9379.0,3623.0,23,461.0,3162.0,6,0.004894717,0
901,44258.0,30277.0,13981.0,71,1917.0,12064.0,7,0.0006953908,0
284,377.0,212.0,165.0,21,0.0,165.0,4,0.0002582232,0
638,19701.0,11710.0,7991.0,10,852.0,7139.0,12,0.007091649,0
3680,15662.0,10078.0,5584.0,91,842.0,4742.0,9,0.013028961,0
2548,48438.0,26272.0,22166.0,32,3166.0,19000.0,11,0.73259205,1
4366,24550.0,12081.0,12469.0,159,0.0,12469.0,5,0.00039563232,0
358,2330.0,1950.0,380.0,0,102.0,278.0,9,0.104066476,0
55,566.0,322.0,244.0,0,45.0,199.0,11,0.09547927,0
752,5388.0,3832.0,1556.0,12,231.0,1325.0,10,0.0010982162,0
3239,25193.0,15491.0,9702.0,14,2817.0,6885.0,9,0.04725668,0
1064,47703.0,42647.0,5056.0,2,518.0,4538.0,11,0.00048790732,0
708,7638.0,5133.0,2505.0,0,170.0,2335.0,12,0.010196078,0
1066,59373.0,22907.0,36466.0,7,1284.0,35182.0,12,0.09172462,0
686,4870.0,3354.0,1516.0,0,971.0,545.0,10,0.09515454,0
12,0.0,0.0,0.0,0,0.0,0.0,9,0.9307754,1
776,13342.0,5153.0,8189.0,36,0.0,8189.0,4,0.00052027026,0
138,1650.0,1217.0,433.0,26,52.0,381.0,6,0.0018454917,0
6,108.0,91.0,17.0,0,3.0,14.0,10,0.031177588,0
2146,28557.0,13744.0,14813.0,6,729.0,14084.0,9,0.0035475988,0
1,126.0,110.0,16.0,0,16.0,0.0,12,0.35456726,0
380,1785.0,1046.0,739.0,9,145.0,594.0,10,0.0007645954,0
719,7831.0,6231.0,1600.0,3,413.0,1187.0,11,0.0026738388,0
2495,13653.0,9363.0,4290.0,11,480.0,3810.0,9,0.013349375,0
2,0.0,0.0,0.0,0,0.0,0.0,9,0.98393863,1
1972,14100.0,10382.0,3718.0,33,523.0,3195.0,10,0.001714581,0
915,15807.0,10120.0,5687.0,0,922.0,4765.0,12,0.010041939,0
1547,16747.0,10060.0,6687.0,20,645.0,6042.0,10,0.009031821,0
808,3672.0,2909.0,763.0,196,183.0,580.0,9,0.002274984,0
405,10989.0,8259.0,2730.0,12,365.0,2365.0,12,0.0037616664,0
907,19025.0,9456.0,9569.0,78,409.0,9160.0,4,0.0100122,0
681,21519.0,14006.0,7513.0,0,973.0,6540.0,12,0.009707794,0
2460,51869.0,30851.0,21018.0,8,4006.0,17012.0,12,0.6801068,1
335,8826.0,5659.0,3167.0,2,118.0,3049.0,10,0.0019423242,0
93,5478.0,3386.0,2092.0,13,0.0,2092.0,4,0.00041029335,0
778,20700.0,12714.0,7986.0,0,1105.0,6881.0,12,0.013029862,0
3292,16982.0,10872.0,6110.0,70,1044.0,5066.0,11,0.0042082765,0
1307,46981.0,33381.0,13600.0,11,2572.0,11028.0,12,0.047220483,0
809,22168.0,14117.0,8051.0,6,654.0,7397.0,12,0.006174874,0
4745,71790.0,58525.0,13265.0,937,2376.0,10889.0,12,0.00070304354,0
1988,32800.0,24961.0,7839.0,90,2310.0,5529.0,12,0.0055074007,0
335,20117.0,13496.0,6621.0,22,270.0,6351.0,4,0.00504433,0
1697,15213.0,10171.0,5042.0,1,1253.0,3789.0,9,0.012818656,0
9228,29023.0,13986.0,15037.0,451,0.0,15037.0,7,0.00081528095,0
769,17624.0,9838.0,7786.0,35,271.0,7515.0,7,0.038279813,0
522,17499.0,9778.0,7721.0,41,0.0,7721.0,5,0.0061699073,0
6340,47559.0,18713.0,28846.0,118,1245.0,27601.0,9,0.0144139435,0
64,4938.0,3983.0,955.0,0,173.0,782.0,12,0.9640713,1
564,8733.0,4955.0,3778.0,6,460.0,3318.0,10,0.0011597372,0
1122,12981.0,7455.0,5526.0,23,673.0,4853.0,10,0.0023606678,0
391,8256.0,5555.0,2701.0,13,454.0,2247.0,11,0.0015722046,0
3879,38589.0,20697.0,17892.0,21,2364.0,15528.0,9,0.0036526984,0
2525,52152.0,23558.0,28594.0,19,2750.0,25844.0,11,0.9761736,1
2135,25221.0,16212.0,9009.0,68,1316.0,7693.0,11,0.04342439,0
128,253.0,183.0,70.0,16,0.0,70.0,4,0.0008076525,0
257,3134.0,2346.0,788.0,0,177.0,611.0,9,0.27164945,0
3619,1169.0,491.0,678.0,1179,0.0,678.0,7,0.0002330445,0
257,2472.0,1906.0,566.0,0,79.0,487.0,9,0.30003068,0
1019,46.0,29.0,17.0,552,0.0,17.0,6,0.00016083465,0
6450,62593.0,46753.0,15840.0,72,2768.0,13072.0,9,0.00056015654,0
1689,58206.0,42553.0,15653.0,59,2068.0,13585.0,12,0.005019121,0
80,0.0,0.0,0.0,1,0.0,0.0,9,0.18475695,0
1589,24693.0,15935.0,8758.0,2,1794.0,6964.0,9,0.043779634,0
14015,83129.0,68195.0,14934.0,15,4904.0,10030.0,9,0.0040100724,0
365,2233.0,1191.0,1042.0,15,206.0,836.0,10,0.0010919367,0
3399,33460.0,28004.0,5456.0,1,1674.0,3782.0,11,0.0011929964,0
262,2353.0,1663.0,690.0,8,116.0,574.0,11,0.002394766,0
643,8800.0,5582.0,3218.0,5,351.0,2867.0,11,0.0010825188,0
937,6311.0,4383.0,1928.0,31,412.0,1516.0,10,0.0004753153,0
323,7853.0,5372.0,2481.0,0,166.0,2315.0,10,0.039822053,0
748,14005.0,10340.0,3665.0,88,703.0,2962.0,12,0.004246125,0
655,8677.0,6905.0,1772.0,5,202.0,1570.0,10,0.0029253685,0
814,35015.0,16674.0,18341.0,21,0.0,18341.0,4,0.0031051727,0
396,10965.0,7852.0,3113.0,0,345.0,2768.0,12,0.09974655,0
925,7052.0,5325.0,1727.0,30,281.0,1446.0,9,0.000900363,0
490,14838.0,6765.0,8073.0,13,0.0,8073.0,7,0.0013235305,0
1592,24620.0,14349.0,10271.0,11,851.0,9420.0,11,0.009503772,0
1,151.0,140.0,11.0,0,11.0,0.0,9,0.6816255,1
553,10345.0,6504.0,3841.0,65,155.0,3686.0,4,0.0007016042,0
267,46877.0,27834.0,19043.0,15,1289.0,17754.0,5,0.013660143,0
5440,66246.0,48930.0,17316.0,166,3479.0,13837.0,11,0.0012726343,0
368,19333.0,13581.0,5752.0,11,0.0,5752.0,6,0.010165828,0
1047,29136.0,22606.0,6530.0,8,1607.0,4923.0,12,0.004452793,0
1315,4029.0,2953.0,1076.0,21,182.0,894.0,9,0.0017603901,0
956,12198.0,4908.0,7290.0,48,387.0,6903.0,5,0.00057973654,0
2269,13444.0,8570.0,4874.0,0,599.0,4275.0,9,0.009873234,0
4613,48323.0,34178.0,14145.0,107,1689.0,12456.0,11,0.00041626146,0
71,22543.0,18591.0,3952.0,27,825.0,3127.0,3,0.11686288,0
82,2917.0,777.0,2140.0,20,0.0,2140.0,5,0.00034770893,0
314,4520.0,2988.0,1532.0,4,599.0,933.0,10,0.06908116,0
853,7463.0,5138.0,2325.0,15,418.0,1907.0,10,0.00080385874,0
24,600.0,148.0,452.0,0,9.0,443.0,10,0.57938904,0
1929,23625.0,13447.0,10178.0,115,383.0,9795.0,7,0.012620885,0
513,4685.0,3648.0,1037.0,48,262.0,775.0,10,0.03991027,0
174,7347.0,4354.0,2993.0,10,96.0,2897.0,12,0.0016963813,0
1226,87452.0,80549.0,6903.0,12,663.0,6240.0,11,0.0010554504,0
1278,12214.0,8671.0,3543.0,19,452.0,3091.0,11,0.0020705136,0
100,2193.0,1032.0,1161.0,0,51.0,1110.0,9,0.27191907,0
3,4916.0,4537.0,379.0,2,232.0,147.0,12,0.032820642,0
226,2628.0,1891.0,737.0,4,142.0,595.0,10,0.0041143447,0
1,2543.0,1713.0,830.0,0,107.0,723.0,10,0.25224945,0
53,848.0,711.0,137.0,1,48.0,89.0,9,0.046878673,0
554,8173.0,4574.0,3599.0,0,590.0,3009.0,10,0.047312304,0
2176,46162.0,34883.0,11279.0,8,2338.0,8941.0,12,0.018650537,0
1360,13530.0,9971.0,3559.0,15,622.0,2937.0,11,0.0049456153,0
1050,27022.0,16048.0,10974.0,111,96.0,10878.0,6,0.014866192,0
201,21065.0,12837.0,8228.0,10,0.0,8228.0,6,0.010038338,0
396,7037.0,5231.0,1806.0,96,0.0,1806.0,5,0.0006129754,0
74,3024.0,2218.0,806.0,3,146.0,660.0,12,0.06877196,0
430,14658.0,10339.0,4319.0,3,565.0,3754.0,11,0.006895529,0
435,4337.0,2290.0,2047.0,2,275.0,1772.0,11,0.0010072327,0
658,5014.0,3373.0,1641.0,75,0.0,1641.0,4,0.00026268,0
2965,25924.0,17983.0,7941.0,2,1362.0,6579.0,9,0.4704586,0
647,16149.0,11593.0,4556.0,1,743.0,3813.0,12,0.015807906,0
1660,7382.0,5029.0,2353.0,5,241.0,2112.0,10,0.00057606876,0
1638,17056.0,9658.0,7398.0,110,0.0,7398.0,7,0.03642624,0
2730,27714.0,21406.0,6308.0,8,1688.0,4620.0,11,0.02254884,0
874,5318.0,3837.0,1481.0,3,289.0,1192.0,10,0.0015695214,0
1940,38098.0,24234.0,13864.0,0,2529.0,11335.0,10,0.19275059,0
1505,18869.0,13718.0,5151.0,54,403.0,4748.0,10,0.021261632,0
846,5629.0,4229.0,1400.0,0,284.0,1116.0,9,0.07989059,0
1014,8957.0,5987.0,2970.0,5,344.0,2626.0,10,0.0008365234,0
514,5135.0,2275.0,2860.0,186,0.0,2860.0,4,0.00025716724,0
93,649.0,486.0,163.0,6,47.0,116.0,9,0.0017907557,0
4214,59194.0,45535.0,13659.0,16,2878.0,10781.0,12,0.0074714813,0
81,368.0,284.0,84.0,3,15.0,69.0,10,0.01498803,0
669,9225.0,6761.0,2464.0,0,290.0,2174.0,11,0.012743899,0
48,803.0,455.0,348.0,0,79.0,269.0,10,0.08194401,0
346,1947.0,1156.0,791.0,5,78.0,713.0,11,0.00094367366,0
99,5113.0,4661.0,452.0,0,91.0,361.0,12,0.8863769,1
120,4740.0,2502.0,2238.0,22,0.0,2238.0,4,0.00052245735,0
66,5300.0,2882.0,2418.0,1,157.0,2261.0,12,0.039629783,0
501,9172.0,4294.0,4878.0,10,0.0,4878.0,7,0.0017107168,0
2,103.0,69.0,34.0,0,9.0,25.0,12,0.05014183,0
1375,38914.0,20695.0,18219.0,4,2234.0,15985.0,12,0.318869,0
368,3863.0,3180.0,683.0,0,154.0,529.0,10,0.31521302,0
1086,14532.0,9319.0,5213.0,1,587.0,4626.0,12,0.006182888,0
1288,9455.0,6115.0,3340.0,7,934.0,2406.0,10,0.0031126433,0
19,334.0,325.0,9.0,0,9.0,0.0,12,0.97261107,1
91,1196.0,763.0,433.0,0,124.0,309.0,12,0.13341899,0
2855,18691.0,15302.0,3389.0,47,651.0,2738.0,10,0.0055010244,0
459,5772.0,3695.0,2077.0,1,234.0,1843.0,10,0.006507953,0
577,6177.0,5458.0,719.0,9,179.0,540.0,10,0.019363303,0
204,9135.0,6025.0,3110.0,12,280.0,2830.0,7,0.0033426369,0
849,29374.0,17442.0,11932.0,13,786.0,11146.0,7,0.02352979,0
1356,26385.0,17501.0,8884.0,71,1493.0,7391.0,12,0.15087208,0
3167,5842.0,3754.0,2088.0,2,239.0,1849.0,9,0.0008726032,0
369,3663.0,2077.0,1586.0,2,236.0,1350.0,10,0.0012134636,0
2697,43970.0,31281.0,12689.0,10,1517.0,11172.0,12,0.008843663,0
1498,8825.0,5960.0,2865.0,8,342.0,2523.0,10,0.0007701027,0
810,9987.0,5303.0,4684.0,0,449.0,4235.0,9,0.005457292,0
845,15182.0,9899.0,5283.0,12,725.0,4558.0,12,0.002500117,0
753,1619.0,1101.0,518.0,7,64.0,454.0,10,0.00050304085,0
1373,32945.0,6654.0,26291.0,31,0.0,26291.0,5,0.0028414542,0
5717,50934.0,43632.0,7302.0,31,2023.0,5279.0,9,0.001126831,0
31,415.0,169.0,246.0,1,42.0,204.0,10,0.0052078683,0
119,0.0,0.0,0.0,0,0.0,0.0,12,0.04392048,0
9,146.0,63.0,83.0,0,2.0,81.0,9,0.11781744,0
147,672.0,542.0,130.0,6,43.0,87.0,9,0.0024920364,0
973,11920.0,8918.0,3002.0,3,337.0,2665.0,9,0.010163175,0
5446,47453.0,26048.0,21405.0,7,1112.0,20293.0,9,0.0060076974,0
142,5779.0,3216.0,2563.0,1,78.0,2485.0,12,0.012920327,0
627,2138.0,1024.0,1114.0,97,0.0,1114.0,6,0.0005098556,0
809,25322.0,17338.0,7984.0,48,551.0,7433.0,12,0.009797033,0
1579,5580.0,3967.0,1613.0,19,255.0,1358.0,10,0.00057696964,0
148,799.0,545.0,254.0,4,18.0,236.0,10,0.0031073834,0
83,554.0,522.0,32.0,0,32.0,0.0,10,0.85084087,1
3102,27188.0,21074.0,6114.0,23,1254.0,4860.0,9,0.6297514,1
1764,25108.0,18524.0,6584.0,113,1675.0,4909.0,7,0.24879049,0
2048,19678.0,11895.0,7783.0,178,641.0,7142.0,5,0.005905728,0
1023,11796.0,4603.0,7193.0,16,0.0,7193.0,7,0.0012138747,0
162,3136.0,1429.0,1707.0,53,0.0,1707.0,5,0.00022297117,0
4510,57567.0,33205.0,24362.0,25,1210.0,23152.0,9,0.0016800697,0
159,20603.0,9829.0,10774.0,11,152.0,10622.0,4,0.0035274774,0
717,14622.0,7483.0,7139.0,12,712.0,6427.0,7,0.009205342,0
2317,17543.0,4666.0,12877.0,63,0.0,12877.0,4,0.00047126578,0
2176,14189.0,9980.0,4209.0,12,532.0,3677.0,10,0.003078737,0
527,6767.0,4715.0,2052.0,12,244.0,1808.0,10,0.0020014865,0
339,7851.0,6161.0,1690.0,11,346.0,1344.0,12,0.0022792146,0
135,1620.0,587.0,1033.0,7,95.0,938.0,11,0.004155139,0
331,0.0,0.0,0.0,0,0.0,0.0,11,0.0052772444,0
1714,18500.0,9158.0,9342.0,7,1533.0,7809.0,11,0.0023364637,0
1009,6710.0,4638.0,2072.0,10,292.0,1780.0,10,0.0005880937,0
216,6578.0,3420.0,3158.0,17,0.0,3158.0,7,0.0006341297,0
6231,55576.0,48847.0,6729.0,133,2389.0,4340.0,9,0.00074291974,0
985,21693.0,11018.0,10675.0,34,0.0,10675.0,6,0.0037149661,0
1015,13505.0,10265.0,3240.0,14,755.0,2485.0,10,0.006561858,0
914,12749.0,8483.0,4266.0,4,331.0,3935.0,11,0.001511438,0
5256,38064.0,22471.0,15593.0,16,3011.0,12582.0,9,0.002847171,0
1164,15780.0,5999.0,9781.0,41,0.0,9781.0,7,0.0017736896,0
808,9896.0,2000.0,7896.0,11,0.0,7896.0,5,0.00015743251,0
609,9781.0,4073.0,5708.0,14,0.0,5708.0,6,0.00080723315,0
411,5316.0,4005.0,1311.0,1,146.0,1165.0,9,0.3354698,0
292,21444.0,15356.0,6088.0,3,1883.0,4205.0,11,0.051081736,0
44,345.0,223.0,122.0,0,24.0,98.0,10,0.07930119,0
1173,25065.0,19082.0,5983.0,13,1074.0,4909.0,12,0.0054391595,0
12,629.0,306.0,323.0,0,46.0,277.0,12,0.2864717,0
74,69092.0,52165.0,16927.0,10,3530.0,13397.0,3,0.0034781331,0
1877,26592.0,19937.0,6655.0,35,1722.0,4933.0,12,0.033225566,0
1436,13533.0,9722.0,3811.0,42,750.0,3061.0,10,0.007462914,0
24,1384.0,1297.0,87.0,0,87.0,0.0,12,0.16831633,0
1439,11758.0,8990.0,2768.0,8,335.0,2433.0,10,0.0028061834,0
1805,21583.0,13262.0,8321.0,1,965.0,7356.0,10,0.006448274,0
2137,29542.0,21523.0,8019.0,108,688.0,7331.0,11,0.009569405,0
954,4597.0,3012.0,1585.0,2,152.0,1433.0,10,0.00060528284,0
2234,21267.0,15427.0,5840.0,61,661.0,5179.0,11,0.0053063426,0
193,9692.0,8526.0,1166.0,0,227.0,939.0,10,0.95709705,1
82,25.0,23.0,2.0,0,2.0,0.0,9,0.8321589,1
231,6683.0,3772.0,2911.0,23,353.0,2558.0,12,0.0014431531,0
1994,21188.0,6410.0,14778.0,73,0.0,14778.0,6,0.005418994,0
233,6663.0,4670.0,1993.0,1,369.0,1624.0,12,0.047240086,0
438,28979.0,20111.0,8868.0,37,285.0,8583.0,7,0.010946822,0
885,14272.0,7748.0,6524.0,0,924.0,5600.0,12,0.007893146,0
946,12297.0,4791.0,7506.0,11,0.0,7506.0,7,0.001319531,0
1842,36984.0,18261.0,18723.0,3,2231.0,16492.0,10,0.38474226,0
201,2499.0,1894.0,605.0,3,71.0,534.0,10,0.009306653,0
478,9485.0,6054.0,3431.0,0,397.0,3034.0,12,0.00804724,0
503,907.0,675.0,232.0,34,0.0,232.0,4,0.00020260295,0
4395,69250.0,49812.0,19438.0,51,1979.0,17459.0,10,0.0007715142,0
5272,49011.0,36529.0,12482.0,39,2476.0,10006.0,9,0.00054356677,0
2616,42802.0,22139.0,20663.0,66,667.0,19996.0,7,0.0037080385,0
834,10415.0,8170.0,2245.0,27,456.0,1789.0,10,0.0027265484,0
13,2521.0,2283.0,238.0,0,226.0,12.0,9,0.8257409,1
1166,24714.0,13926.0,10788.0,25,128.0,10660.0,7,0.0049954657,0
1827,28331.0,21929.0,6402.0,23,599.0,5803.0,10,0.028090082,0
2142,28989.0,18394.0,10595.0,12,1605.0,8990.0,12,0.07111653,0
517,4977.0,3459.0,1518.0,3,279.0,1239.0,9,0.009346085,0
941,9512.0,6349.0,3163.0,20,512.0,2651.0,10,0.00049315096,0
3094,23705.0,13302.0,10403.0,12,2278.0,8125.0,9,0.018562416,0
60,4492.0,3843.0,649.0,4,195.0,454.0,12,0.15848213,0
4,5963.0,5559.0,404.0,0,284.0,120.0,9,0.15124522,0
2490,12328.0,8449.0,3879.0,6,643.0,3236.0,9,0.006732711,0
851,4836.0,3898.0,938.0,108,253.0,685.0,10,0.009972741,0
568,9774.0,6177.0,3597.0,1,675.0,2922.0,11,0.013015669,0
672,7720.0,5224.0,2496.0,305,0.0,2496.0,4,0.00093216426,0
14,0.0,0.0,0.0,0,0.0,0.0,11,0.97470164,1
89,30512.0,19219.0,11293.0,11,130.0,11163.0,5,0.0041474802,0
2210,20489.0,14690.0,5799.0,0,1153.0,4646.0,9,0.012563008,0
5764,46982.0,26994.0,19988.0,57,4072.0,15916.0,9,0.0059648533,0
789,17807.0,12177.0,5630.0,5,389.0,5241.0,11,0.0069734803,0
2226,33095.0,17161.0,15934.0,2,2231.0,13703.0,10,0.13484591,0
308,7120.0,4114.0,3006.0,17,0.0,3006.0,4,0.00025913652,0
338,20857.0,12898.0,7959.0,10,969.0,6990.0,7,0.052138582,0
508,2845.0,1902.0,943.0,1,199.0,744.0,9,0.016479107,0
2577,36178.0,15923.0,20255.0,60,922.0,19333.0,5,0.008482231,0
57,160.0,106.0,54.0,10,0.0,54.0,6,0.0024954218,0
2264,23011.0,17172.0,5839.0,83,1375.0,4464.0,6,0.16676424,0
3696,50447.0,27911.0,22536.0,27,3102.0,19434.0,11,0.18441968,0
779,10447.0,8187.0,2260.0,15,454.0,1806.0,11,0.0025645532,0
660,32936.0,20950.0,11986.0,45,0.0,11986.0,4,0.00025256618,0
1909,8808.0,4361.0,4447.0,87,0.0,4447.0,6,0.0009666774,0
711,12309.0,10466.0,1843.0,2,423.0,1420.0,9,0.030479018,0
210,777.0,497.0,280.0,1,54.0,226.0,10,0.0030450486,0
1863,1593.0,785.0,808.0,230,0.0,808.0,5,0.00013646859,0
1520,13378.0,9573.0,3805.0,74,539.0,3266.0,11,0.007686997,0
3848,35488.0,28766.0,6722.0,10,2000.0,4722.0,9,0.0035062898,0
64,527.0,360.0,167.0,0,27.0,140.0,9,0.039247125,0
1165,13910.0,4324.0,9586.0,11,0.0,9586.0,7,0.00062170264,0
1003,23185.0,15940.0,7245.0,44,1399.0,5846.0,12,0.006330017,0
973,16281.0,11568.0,4713.0,45,488.0,4225.0,12,0.007842157,0
1426,68095.0,60786.0,7309.0,36,940.0,6369.0,11,0.002083048,0
2368,13303.0,8831.0,4472.0,4,740.0,3732.0,9,0.014963179,0
206,1643.0,967.0,676.0,3,111.0,565.0,10,0.0030529846,0
209,651.0,560.0,91.0,0,90.0,1.0,12,0.044120245,0
865,57830.0,51469.0,6361.0,14,605.0,5756.0,11,0.001079864,0
182,3328.0,2465.0,863.0,10,62.0,801.0,10,0.00604472,0
3734,38975.0,21878.0,17097.0,39,1663.0,15434.0,11,0.0111579215,0
103,1140.0,890.0,250.0,26,32.0,218.0,11,0.0005576616,0
3527,37459.0,31947.0,5512.0,34,1226.0,4286.0,11,0.0008473235,0
146,623.0,527.0,96.0,5,14.0,82.0,10,0.012464494,0
3,16.0,14.0,2.0,0,2.0,0.0,9,0.9354799,1
2750,43209.0,23643.0,19566.0,88,781.0,18785.0,7,0.0077770846,0
2766,27118.0,13654.0,13464.0,36,748.0,12716.0,7,0.0014839676,0
561,46519.0,27870.0,18649.0,34,112.0,18537.0,7,0.002055562,0
1046,17573.0,12834.0,4739.0,12,634.0,4105.0,12,0.007250353,0
3290,24610.0,13302.0,11308.0,156,723.0,10585.0,6,0.0053487504,0
1298,12090.0,8645.0,3445.0,23,628.0,2817.0,9,0.0073890327,0
371,1525.0,629.0,896.0,94,56.0,840.0,10,0.0001534674,0
246,4641.0,2823.0,1818.0,46,136.0,1682.0,11,0.0006559248,0
2304,24414.0,15951.0,8463.0,2,1114.0,7349.0,11,0.003657823,0
1297,12613.0,9382.0,3231.0,13,513.0,2718.0,11,0.0016848152,0
2101,32600.0,20585.0,12015.0,10,1123.0,10892.0,12,0.038667418,0
1446,21770.0,8840.0,12930.0,23,0.0,12930.0,5,0.0016695258,0
1721,30923.0,23432.0,7491.0,10,1882.0,5609.0,12,0.019626707,0
249,5606.0,3544.0,2062.0,11,941.0,1121.0,11,0.019002818,0
303,9080.0,4603.0,4477.0,25,0.0,4477.0,5,0.0006491845,0
1346,7634.0,4841.0,2793.0,1,525.0,2268.0,10,0.006682009,0
351,26373.0,15997.0,10376.0,11,0.0,10376.0,6,0.0045071263,0
710,6091.0,4796.0,1295.0,0,331.0,964.0,9,0.20200525,0
226,2498.0,1035.0,1463.0,0,102.0,1361.0,10,0.011297365,0
1666,28052.0,18884.0,9168.0,36,1046.0,8122.0,11,0.021484526,0
241,13804.0,7825.0,5979.0,75,0.0,5979.0,4,0.0065356786,0
8255,40130.0,31956.0,8174.0,5,1956.0,6218.0,10,0.0016350874,0
4356,71476.0,48265.0,23211.0,81,3129.0,20082.0,7,0.00050142634,0
631,38224.0,31862.0,6362.0,43,1259.0,5103.0,6,0.0041035092,0
64,667.0,407.0,260.0,1,40.0,220.0,11,0.0064387247,0
3833,37076.0,22353.0,14723.0,223,828.0,13895.0,7,0.00084664836,0
4409,25595.0,14335.0,11260.0,175,764.0,10496.0,7,0.004148717,0
832,17920.0,12846.0,5074.0,44,811.0,4263.0,12,0.013235501,0
788,7982.0,5702.0,2280.0,0,367.0,1913.0,9,0.01317593,0
1621,19200.0,13863.0,5337.0,3,1270.0,4067.0,10,0.025705138,0
1,19.0,10.0,9.0,0,6.0,3.0,10,0.08644266,0
2395,9190.0,6690.0,2500.0,39,907.0,1593.0,11,0.0007192354,0
795,6872.0,4626.0,2246.0,10,531.0,1715.0,10,0.0022952142,0
655,18279.0,12239.0,6040.0,3,781.0,5259.0,11,0.013479075,0
907,7439.0,5260.0,2179.0,2,282.0,1897.0,11,0.00067529106,0
3962,23743.0,18087.0,5656.0,1,1647.0,4009.0,9,0.014062147,0
403,23640.0,16456.0,7184.0,11,159.0,7025.0,7,0.015131204,0
99,378.0,287.0,91.0,0,20.0,71.0,9,0.20066017,0
2598,16125.0,11384.0,4741.0,103,741.0,4000.0,10,0.017021175,0
1624,21621.0,16257.0,5364.0,41,618.0,4746.0,11,0.0073738275,0
200,4110.0,2072.0,2038.0,0,211.0,1827.0,12,0.025482284,0
193,1843.0,1010.0,833.0,4,68.0,765.0,9,0.0016230659,0
51,1061.0,690.0,371.0,2,0.0,371.0,10,0.010872278,0
2884,32561.0,21075.0,11486.0,24,1312.0,10174.0,11,0.22730108,0
369,248.0,160.0,88.0,12,0.0,88.0,4,0.00028412652,0
1851,19109.0,14458.0,4651.0,32,499.0,4152.0,11,0.0033364694,0
312,14634.0,6378.0,8256.0,10,0.0,8256.0,4,0.00060252094,0
495,21914.0,10970.0,10944.0,10,0.0,10944.0,5,0.001119774,0
2772,24335.0,9173.0,15162.0,3,705.0,14457.0,9,0.001447752,0
312,2303.0,1782.0,521.0,4,521.0,0.0,11,0.021735884,0
2177,682.0,328.0,354.0,752,0.0,354.0,6,0.00051740266,0
187,16523.0,11801.0,4722.0,11,223.0,4499.0,4,0.010515136,0
2262,50702.0,35695.0,15007.0,6,1801.0,13206.0,12,0.00432234,0
915,9992.0,4582.0,5410.0,4,328.0,5082.0,10,0.0006119609,0
523,5171.0,2657.0,2514.0,46,72.0,2442.0,5,0.00020399103,0
490,11834.0,7974.0,3860.0,0,395.0,3465.0,12,0.02938421,0
66,297.0,248.0,49.0,5,22.0,27.0,10,0.010327138,0
158,5600.0,2721.0,2879.0,15,0.0,2879.0,5,0.0003093489,0
4140,41516.0,27150.0,14366.0,41,1533.0,12833.0,11,0.0008333939,0
951,5816.0,3968.0,1848.0,1,475.0,1373.0,9,0.0063252496,0
20,955.0,691.0,264.0,0,33.0,231.0,12,0.015909474,0
261,13.0,12.0,1.0,1,1.0,0.0,10,0.0023258785,0
1266,11061.0,7243.0,3818.0,21,567.0,3251.0,11,0.0012471795,0
1706,3324.0,1978.0,1346.0,179,0.0,1346.0,4,9.793145e-05,0
2298,4640.0,3591.0,1049.0,882,309.0,740.0,9,0.007990731,0
37,356.0,304.0,52.0,4,16.0,36.0,12,0.023983145,0
768,9706.0,5928.0,3778.0,0,550.0,3228.0,10,0.02686399,0
9,0.0,0.0,0.0,0,0.0,0.0,10,0.97194517,1
1559,17367.0,13313.0,4054.0,6,577.0,3477.0,11,0.03331089,0
1840,11801.0,9049.0,2752.0,1,405.0,2347.0,9,0.036111046,0
1491,26528.0,18461.0,8067.0,15,1023.0,7044.0,12,0.023845693,0
625,4899.0,3611.0,1288.0,4,220.0,1068.0,10,0.013542956,0
19,0.0,0.0,0.0,1,0.0,0.0,10,0.5726412,0
8,0.0,0.0,0.0,0,0.0,0.0,11,0.83421177,1
334,8742.0,6364.0,2378.0,1,1072.0,1306.0,12,0.027561067,0
804,1934.0,1489.0,445.0,261,173.0,272.0,9,0.0010908954,0
327,20046.0,10538.0,9508.0,10,0.0,9508.0,4,0.0014548919,0
2926,53501.0,42370.0,11131.0,13,2416.0,8715.0,12,0.01200889,0
2187,12531.0,8063.0,4468.0,29,806.0,3662.0,10,0.010485677,0
9,388.0,283.0,105.0,0,16.0,89.0,10,0.6240984,1
1464,54871.0,33232.0,21639.0,30,2630.0,19009.0,12,0.025747368,0
6,5.0,4.0,1.0,0,1.0,0.0,9,0.93625826,1
631,6644.0,4129.0,2515.0,2,194.0,2321.0,10,0.0017245256,0
738,7284.0,5108.0,2176.0,15,303.0,1873.0,10,0.0009859548,0
1469,7233.0,5191.0,2042.0,50,430.0,1612.0,9,0.0011747003,0
3734,47613.0,40972.0,6641.0,11,1445.0,5196.0,11,0.002875176,0
172,1096.0,799.0,297.0,20,41.0,256.0,7,0.00067539985,0
1216,29733.0,16278.0,13455.0,48,510.0,12945.0,5,0.001143746,0
2667,66006.0,48248.0,17758.0,28,2716.0,15042.0,12,0.0068307864,0
1791,7787.0,2747.0,5040.0,11,0.0,5040.0,7,0.00021734269,0
2579,74148.0,53425.0,20723.0,57,3843.0,16880.0,12,0.025939224,0
389,2472.0,1700.0,772.0,3,59.0,713.0,10,0.0013651405,0
869,3173.0,2186.0,987.0,93,0.0,987.0,4,0.00028218576,0
293,1019.0,862.0,157.0,2,31.0,126.0,9,0.0013816357,0
1198,14045.0,8918.0,5127.0,29,1902.0,3225.0,11,0.0034772553,0
6227,41865.0,15118.0,26747.0,19,1120.0,25627.0,9,0.010347056,0
2107,12409.0,8453.0,3956.0,8,562.0,3394.0,9,0.0058507486,0
1738,18393.0,12404.0,5989.0,32,1225.0,4764.0,11,0.0047618845,0
2158,3290.0,923.0,2367.0,175,0.0,2367.0,5,0.00011442902,0
2603,42497.0,27515.0,14982.0,22,2265.0,12717.0,12,0.035432577,0
3431,26183.0,18867.0,7316.0,13,1275.0,6041.0,10,0.10874844,0
981,57981.0,20250.0,37731.0,2,1256.0,36475.0,12,0.118533455,0
8096,83152.0,51492.0,31660.0,59,3160.0,28500.0,9,0.0013579903,0
1364,21240.0,15113.0,6127.0,25,1014.0,5113.0,12,0.016880654,0
2308,21614.0,16339.0,5275.0,21,545.0,4730.0,9,0.047012836,0
725,13321.0,7687.0,5634.0,0,468.0,5166.0,12,0.014352807,0
1740,20239.0,12586.0,7653.0,13,1010.0,6643.0,12,0.0019336003,0
2271,47102.0,34519.0,12583.0,34,2164.0,10419.0,12,0.00748499,0
919,48080.0,30972.0,17108.0,0,1406.0,15702.0,12,0.0040150364,0
10,1.0,1.0,0.0,0,0.0,0.0,11,0.98025745,1
2034,17461.0,9644.0,7817.0,28,1173.0,6644.0,11,0.005622507,0
336,1415.0,1199.0,216.0,0,202.0,14.0,9,0.09308898,0
44,2472.0,1864.0,608.0,0,130.0,478.0,12,0.71654236,1
445,1654.0,795.0,859.0,251,98.0,761.0,10,0.00028075703,0
3215,47922.0,35326.0,12596.0,24,2160.0,10436.0,12,0.0051399157,0
92,762.0,415.0,347.0,1,80.0,267.0,9,0.05677394,0
646,8198.0,4271.0,3927.0,21,187.0,3740.0,4,0.00033902662,0
902,16754.0,7817.0,8937.0,0,771.0,8166.0,10,0.025137957,0
1344,4762.0,2856.0,1906.0,57,0.0,1906.0,7,0.00024205186,0
706,5963.0,4066.0,1897.0,18,242.0,1655.0,11,0.0013803593,0
912,13879.0,9107.0,4772.0,0,605.0,4167.0,12,0.011008804,0
3413,17832.0,11747.0,6085.0,13,836.0,5249.0,9,0.027253505,0
1138,10705.0,6972.0,3733.0,1,398.0,3335.0,10,0.0034046844,0
561,7407.0,4695.0,2712.0,2,1180.0,1532.0,11,0.00388627,0
384,2926.0,1599.0,1327.0,149,0.0,1327.0,5,0.0002502073,0
169,12330.0,6571.0,5759.0,10,191.0,5568.0,7,0.0049901903,0
1208,10439.0,7816.0,2623.0,0,405.0,2218.0,10,0.09409459,0
2483,10588.0,6760.0,3828.0,31,440.0,3388.0,9,0.001645509,0
1333,31330.0,22530.0,8800.0,17,1564.0,7236.0,12,0.034294926,0
16,0.0,0.0,0.0,0,0.0,0.0,12,0.92315894,1
33,3393.0,3084.0,309.0,0,273.0,36.0,11,0.5260568,0
238,7563.0,4004.0,3559.0,43,0.0,3559.0,4,0.00057397486,0
183,5479.0,2797.0,2682.0,0,126.0,2556.0,12,0.084788136,0
648,40762.0,25495.0,15267.0,18,1577.0,13690.0,5,0.00091791805,0
2200,9931.0,6269.0,3662.0,7,478.0,3184.0,9,0.0014523697,0
2831,20455.0,7274.0,13181.0,9,913.0,12268.0,9,0.0027612664,0
1068,13074.0,8623.0,4451.0,10,662.0,3789.0,10,0.0053554545,0
371,1090.0,522.0,568.0,29,0.0,568.0,5,0.0002538987,0
589,21298.0,8564.0,12734.0,26,0.0,12734.0,4,0.0010185655,0
1344,7652.0,4594.0,3058.0,50,227.0,2831.0,4,0.00023190498,0
2184,38362.0,18909.0,19453.0,38,1915.0,17538.0,11,0.29272723,0
600,15185.0,9829.0,5356.0,2,1194.0,4162.0,12,0.0035995734,0
85,537.0,259.0,278.0,20,0.0,278.0,7,0.006943095,0
4484,57573.0,38860.0,18713.0,133,2021.0,16692.0,11,0.0005019263,0
2741,17753.0,12308.0,5445.0,4,1779.0,3666.0,9,0.037114833,0
2638,26781.0,15866.0,10915.0,41,2517.0,8398.0,9,0.043005455,0
3140,1784.0,1159.0,625.0,978,0.0,625.0,6,0.00029099695,0
2480,34400.0,23070.0,11330.0,42,1081.0,10249.0,6,0.011073826,0
932,11451.0,5840.0,5611.0,29,0.0,5611.0,5,0.0004419635,0
46,1992.0,1316.0,676.0,0,162.0,514.0,12,0.7414978,1
300,3967.0,2903.0,1064.0,3,204.0,860.0,10,0.011398875,0
927,22933.0,11880.0,11053.0,10,0.0,11053.0,6,0.002228888,0
3287,18052.0,12720.0,5332.0,64,1250.0,4082.0,9,0.31812486,0
825,14353.0,9445.0,4908.0,12,717.0,4191.0,12,0.0030632042,0
4168,47862.0,41700.0,6162.0,17,1342.0,4820.0,9,0.0073416135,0
833,20081.0,13191.0,6890.0,0,697.0,6193.0,12,0.016452473,0
149,976.0,683.0,293.0,85,59.0,234.0,12,0.00031829285,0
228,1350.0,978.0,372.0,15,66.0,306.0,12,0.0005725193,0
595,3211.0,2271.0,940.0,108,152.0,788.0,11,0.00079453434,0
734,6705.0,5066.0,1639.0,2,241.0,1398.0,10,0.0032993318,0
590,4372.0,3315.0,1057.0,6,228.0,829.0,10,0.0044000545,0
885,13614.0,8296.0,5318.0,4,926.0,4392.0,12,0.002715392,0
2221,22799.0,12547.0,10252.0,2,630.0,9622.0,9,0.010362336,0
16,314.0,264.0,50.0,0,30.0,20.0,9,0.52810526,0
94,38604.0,29250.0,9354.0,17,1936.0,7418.0,3,0.0019345409,0
1966,23609.0,14190.0,9419.0,0,1390.0,8029.0,10,0.0075459443,0
1013,6874.0,2792.0,4082.0,8,248.0,3834.0,11,0.0004381249,0
136,0.0,0.0,0.0,0,0.0,0.0,11,0.08754635,0
1466,23745.0,16622.0,7123.0,21,808.0,6315.0,6,0.13373722,0
1572,40643.0,18902.0,21741.0,51,1229.0,20512.0,7,0.23325501,0
1017,13760.0,10949.0,2811.0,53,475.0,2336.0,11,0.0012018421,0
997,12284.0,7559.0,4725.0,22,619.0,4106.0,10,0.0035819001,0
260,5092.0,3667.0,1425.0,1,853.0,572.0,12,0.68916094,1
368,40067.0,28997.0,11070.0,11,168.0,10902.0,6,0.0011461268,0
450,9747.0,5287.0,4460.0,1,585.0,3875.0,11,0.0067507834,0
209,960.0,717.0,243.0,3,45.0,198.0,11,0.00073090655,0
2547,12862.0,8545.0,4317.0,34,1099.0,3218.0,9,0.018003184,0
119,5972.0,3863.0,2109.0,6,248.0,1861.0,12,0.012834462,0
257,7600.0,3381.0,4219.0,19,0.0,4219.0,7,0.0007462,0
1793,19070.0,14407.0,4663.0,21,730.0,3933.0,11,0.0033081968,0
378,2373.0,950.0,1423.0,29,0.0,1423.0,5,0.0001066482,0
162,1463.0,1072.0,391.0,8,81.0,310.0,10,0.0034915558,0
893,40298.0,24950.0,15348.0,9,2836.0,12512.0,12,0.50159764,0
286,3726.0,2442.0,1284.0,2,225.0,1059.0,10,0.005421099,0
6081,31053.0,27515.0,3538.0,20,940.0,2598.0,10,0.0008885349,0
2534,746.0,383.0,363.0,957,0.0,363.0,5,0.0002815969,0
608,9535.0,8124.0,1411.0,0,458.0,953.0,9,0.50882936,0
651,16743.0,11146.0,5597.0,0,484.0,5113.0,12,0.0093590645,0
127,1092.0,277.0,815.0,0,0.0,815.0,10,0.24332173,0
418,5464.0,2836.0,2628.0,48,0.0,2628.0,4,0.00015658411,0
1384,18178.0,12688.0,5490.0,1,1093.0,4397.0,10,0.044305738,0
1142,10368.0,5926.0,4442.0,11,513.0,3929.0,5,0.0004280142,0
6507,16973.0,8886.0,8087.0,239,0.0,8087.0,6,0.0042718025,0
120,0.0,0.0,0.0,0,0.0,0.0,12,0.04392048,0
884,10458.0,5373.0,5085.0,40,451.0,4634.0,11,0.00058569066,0
1747,23076.0,12167.0,10909.0,1,1641.0,9268.0,10,0.015513666,0
1595,9082.0,6026.0,3056.0,66,756.0,2300.0,11,0.00095218676,0
1991,37132.0,26911.0,10221.0,50,1465.0,8756.0,12,0.006513613,0
5381,35359.0,18730.0,16629.0,32,3130.0,13499.0,9,0.004420749,0
979,22255.0,17230.0,5025.0,0,488.0,4537.0,10,0.01878677,0
1166,45826.0,31166.0,14660.0,123,1887.0,12773.0,7,0.0008402074,0
461,10475.0,3086.0,7389.0,11,0.0,7389.0,5,0.00029951666,0
722,8815.0,5566.0,3249.0,0,795.0,2454.0,12,0.02400607,0
26,640.0,506.0,134.0,3,25.0,109.0,12,0.0017366045,0
386,14550.0,10357.0,4193.0,11,133.0,4060.0,7,0.005931482,0
2698,35557.0,24069.0,11488.0,6,1888.0,9600.0,11,0.08123603,0
563,82718.0,55438.0,27280.0,22,3499.0,23781.0,4,0.006935048,0
906,24710.0,14465.0,10245.0,0,1643.0,8602.0,12,0.008556482,0
3948,16005.0,6686.0,9319.0,140,0.0,9319.0,7,0.000585646,0
1193,11865.0,7654.0,4211.0,1,508.0,3703.0,9,0.011339305,0
3344,24481.0,11463.0,13018.0,49,365.0,12653.0,7,0.0009357005,0
441,5172.0,2193.0,2979.0,10,176.0,2803.0,10,0.00070767675,0
2203,18897.0,11993.0,6904.0,21,1076.0,5828.0,10,0.0067225974,0
943,9282.0,5839.0,3443.0,8,462.0,2981.0,10,0.00085062196,0
1338,18526.0,8119.0,10407.0,113,241.0,10166.0,4,0.013968328,0
859,4499.0,2464.0,2035.0,20,0.0,2035.0,6,0.00021677108,0
1,1449.0,1333.0,116.0,0,116.0,0.0,9,0.5079601,0
1335,5414.0,3880.0,1534.0,6,306.0,1228.0,10,0.0010530375,0
340,7127.0,2837.0,4290.0,80,344.0,3946.0,3,0.0012444331,0
2537,23296.0,12824.0,10472.0,10,1334.0,9138.0,9,0.07473523,0
69,400.0,174.0,226.0,3,48.0,178.0,11,0.0018396789,0
124,1018.0,805.0,213.0,14,35.0,178.0,11,0.0006349146,0
2639,35694.0,21436.0,14258.0,51,1424.0,12834.0,11,0.025527004,0
528,13694.0,6163.0,7531.0,20,145.0,7386.0,6,0.0018632209,0
1163,16031.0,10281.0,5750.0,17,515.0,5235.0,11,0.0017250641,0
2765,29239.0,17971.0,11268.0,22,3070.0,8198.0,9,0.13829133,0
1013,30853.0,21482.0,9371.0,2,716.0,8655.0,12,0.007857755,0
903,4990.0,3325.0,1665.0,17,170.0,1495.0,10,0.00031330687,0
762,10258.0,6790.0,3468.0,6,868.0,2600.0,11,0.0018963406,0
69,70057.0,42215.0,27842.0,19,602.0,27240.0,4,0.011069028,0
1429,16042.0,10356.0,5686.0,17,691.0,4995.0,11,0.0036777155,0
372,6218.0,5810.0,408.0,0,57.0,351.0,9,0.87264305,1
1391,28730.0,15951.0,12779.0,9,1105.0,11674.0,12,0.0376622,0
357,4411.0,3253.0,1158.0,35,164.0,994.0,9,0.003831766,0
381,0.0,0.0,0.0,0,0.0,0.0,10,0.0027297074,0
1274,11060.0,6955.0,4105.0,0,348.0,3757.0,9,0.008700019,0
605,12796.0,9195.0,3601.0,20,173.0,3428.0,5,0.0012919208,0
66,1242.0,443.0,799.0,0,36.0,763.0,12,0.06402876,0
1120,34676.0,22011.0,12665.0,87,303.0,12362.0,4,0.00044693612,0
896,18639.0,15742.0,2897.0,228,570.0,2327.0,12,0.009933117,0
897,10091.0,8224.0,1867.0,17,720.0,1147.0,11,0.0055865436,0
3,43.0,12.0,31.0,0,9.0,22.0,10,0.095379144,0
1431,9654.0,7295.0,2359.0,170,299.0,2060.0,10,0.0011105298,0
5136,49144.0,40184.0,8960.0,101,2034.0,6926.0,9,0.0007128932,0
316,3764.0,2842.0,922.0,0,88.0,834.0,9,0.23875327,0
961,14366.0,10220.0,4146.0,5,557.0,3589.0,11,0.0024403448,0
124,952.0,531.0,421.0,10,0.0,421.0,7,0.005966776,0
4992,23366.0,8739.0,14627.0,8,505.0,14122.0,9,0.0003490893,0
96,936.0,513.0,423.0,12,133.0,290.0,10,0.0020884313,0
3940,19929.0,15684.0,4245.0,20,978.0,3267.0,10,0.005060642,0
25,723.0,366.0,357.0,0,57.0,300.0,12,0.078783356,0
1971,28917.0,13557.0,15360.0,102,0.0,15360.0,5,0.0012509259,0
6835,40199.0,31962.0,8237.0,574,2157.0,6080.0,9,0.0010034852,0
650,26454.0,15677.0,10777.0,11,241.0,10536.0,7,0.0074080164,0
66,1205.0,1116.0,89.0,0,89.0,0.0,9,0.3975858,0
477,4935.0,1947.0,2988.0,12,264.0,2724.0,10,0.0007766082,0
663,10035.0,4787.0,5248.0,25,0.0,5248.0,6,0.0014295174,0
592,300.0,245.0,55.0,118,27.0,28.0,9,0.00070144306,0
260,280.0,158.0,122.0,13,0.0,122.0,7,0.0005480724,0
1135,11480.0,7094.0,4386.0,22,1425.0,2961.0,10,0.0057004616,0
1169,8969.0,6661.0,2308.0,7,372.0,1936.0,9,0.002128195,0
2898,41547.0,22285.0,19262.0,14,2435.0,16827.0,11,0.37690374,0
117,2546.0,1843.0,703.0,0,202.0,501.0,11,0.8784779,1
475,2727.0,1605.0,1122.0,2,212.0,910.0,9,0.0046575833,0
1555,20284.0,17539.0,2745.0,5,657.0,2088.0,9,0.105368204,0
36,419.0,242.0,177.0,0,16.0,161.0,9,0.21240523,0
9,81.0,79.0,2.0,0,2.0,0.0,12,0.9345788,1
45,185.0,129.0,56.0,13,0.0,56.0,12,0.0018419517,0
489,4324.0,3168.0,1156.0,21,201.0,955.0,9,0.002698883,0
944,7957.0,5712.0,2245.0,50,321.0,1924.0,11,0.0002710776,0
1140,11558.0,8585.0,2973.0,46,549.0,2424.0,9,0.00514674,0
63,282.0,217.0,65.0,3,27.0,38.0,10,0.006545299,0
6,161.0,154.0,7.0,0,7.0,0.0,9,0.5953509,0
629,14131.0,9128.0,5003.0,18,900.0,4103.0,12,0.0027034574,0
1907,23021.0,17264.0,5757.0,55,1195.0,4562.0,11,0.011179834,0
1698,27529.0,18443.0,9086.0,3,1900.0,7186.0,11,0.03601661,0
196,3726.0,2285.0,1441.0,0,169.0,1272.0,12,0.04039416,0
873,7800.0,5701.0,2099.0,3,269.0,1830.0,10,0.0012241837,0
1552,13956.0,10454.0,3502.0,18,524.0,2978.0,9,0.008265713,0
2072,76737.0,55568.0,21169.0,75,6209.0,14960.0,7,0.0043623634,0
2027,21885.0,18338.0,3547.0,0,646.0,2901.0,9,0.09734524,0
1799,27216.0,18879.0,8337.0,17,1250.0,7087.0,12,0.026798708,0
16,4230.0,3808.0,422.0,0,386.0,36.0,12,0.46412143,0
1457,13393.0,8868.0,4525.0,30,704.0,3821.0,12,0.004080399,0
109,1396.0,943.0,453.0,15,106.0,347.0,10,0.004240252,0
1181,11319.0,9019.0,2300.0,6,603.0,1697.0,11,0.0062917084,0
512,3804.0,2668.0,1136.0,0,257.0,879.0,9,0.10066357,0
658,6240.0,3836.0,2404.0,27,274.0,2130.0,10,0.0009179229,0
1922,14558.0,9467.0,5091.0,4,1253.0,3838.0,12,0.0020735364,0
3437,60878.0,47896.0,12982.0,44,3921.0,9061.0,12,0.015174605,0
32,296.0,216.0,80.0,5,20.0,60.0,9,0.0014497532,0
190,4456.0,2475.0,1981.0,7,288.0,1693.0,12,0.0015128375,0
3595,32183.0,23278.0,8905.0,31,1458.0,7447.0,9,0.09809122,0
595,4239.0,2713.0,1526.0,0,129.0,1397.0,9,0.0041484376,0
751,26896.0,15979.0,10917.0,27,379.0,10538.0,6,0.011803467,0
2872,39125.0,28826.0,10299.0,3,2353.0,7946.0,12,0.0029678617,0
3628,34499.0,21338.0,13161.0,10,3513.0,9648.0,9,0.04593639,0
1163,1773.0,1340.0,433.0,341,152.0,281.0,9,0.00060426345,0
1851,10715.0,8119.0,2596.0,49,556.0,2040.0,10,0.001985353,0
1186,16745.0,10034.0,6711.0,10,716.0,5995.0,12,0.0047417576,0
246,27395.0,16346.0,11049.0,10,0.0,11049.0,5,0.0014163217,0
3029,33630.0,22979.0,10651.0,13,1663.0,8988.0,9,0.039135605,0
1327,10955.0,7387.0,3568.0,11,687.0,2881.0,5,0.0009554183,0
1891,10782.0,7025.0,3757.0,85,402.0,3355.0,10,0.00073836517,0
156,53012.0,36976.0,16036.0,45,206.0,15830.0,5,0.00037852622,0
1744,31519.0,14581.0,16938.0,2,2292.0,14646.0,10,0.07292954,0
344,310.0,284.0,26.0,0,26.0,0.0,9,0.09555351,0
2253,37934.0,33575.0,4359.0,19,1689.0,2670.0,11,0.0014199858,0
327,0.0,0.0,0.0,0,0.0,0.0,11,0.0052772444,0
913,13192.0,9547.0,3645.0,19,563.0,3082.0,11,0.0021205915,0
868,8184.0,5483.0,2701.0,19,272.0,2429.0,10,0.0011136603,0
5035,51369.0,28349.0,23020.0,9,5851.0,17169.0,9,0.009927997,0
2367,14265.0,8697.0,5568.0,34,899.0,4669.0,9,0.033877496,0
1151,12959.0,7536.0,5423.0,1,479.0,4944.0,10,0.0027787676,0
632,3288.0,2248.0,1040.0,173,0.0,1040.0,6,0.0008550464,0
407,2453.0,684.0,1769.0,52,0.0,1769.0,4,8.8229186e-05,0
803,12726.0,8490.0,4236.0,22,403.0,3833.0,12,0.0019189798,0
797,6946.0,4977.0,1969.0,60,379.0,1590.0,11,0.00060303084,0
84,1762.0,1482.0,280.0,4,148.0,132.0,9,0.00935756,0
197,293.0,202.0,91.0,74,0.0,91.0,7,0.0043148887,0
2332,19471.0,14903.0,4568.0,5,916.0,3652.0,11,0.013091222,0
146,3666.0,2122.0,1544.0,0,93.0,1451.0,12,0.048193086,0
494,32813.0,14404.0,18409.0,0,1367.0,17042.0,12,0.025717357,0
544,18708.0,15499.0,3209.0,17,195.0,3014.0,5,0.0020670688,0
2901,27585.0,16843.0,10742.0,109,1417.0,9325.0,10,0.14330432,0
5240,41462.0,34436.0,7026.0,88,1792.0,5234.0,9,0.0007511034,0
131,465.0,260.0,205.0,3,63.0,142.0,11,0.010296174,0
2172,28984.0,17524.0,11460.0,56,1197.0,10263.0,12,0.04888634,0
1066,28471.0,11657.0,16814.0,38,0.0,16814.0,7,0.0014482712,0
888,9900.0,7075.0,2825.0,39,333.0,2492.0,11,0.00038720068,0
1070,7504.0,4447.0,3057.0,3,293.0,2764.0,10,0.000708346,0
591,35035.0,22822.0,12213.0,1,2583.0,9630.0,12,0.2171101,0
350,0.0,0.0,0.0,0,0.0,0.0,10,0.004645452,0
68,7224.0,5590.0,1634.0,10,559.0,1075.0,3,0.04461866,0
3,9.0,7.0,2.0,0,2.0,0.0,10,0.8870938,1
1361,12212.0,8514.0,3698.0,2,615.0,3083.0,12,0.005870326,0
3017,30234.0,24875.0,5359.0,155,1702.0,3657.0,10,0.005763978,0
2252,18550.0,14383.0,4167.0,7,857.0,3310.0,11,0.0061534094,0
1014,2983.0,2078.0,905.0,3,122.0,783.0,11,0.0012388068,0
50,1231.0,667.0,564.0,0,47.0,517.0,10,0.106933676,0
351,5642.0,4055.0,1587.0,0,242.0,1345.0,10,0.13447659,0
1153,48327.0,42322.0,6005.0,20,440.0,5565.0,10,0.00047180493,0
5644,55839.0,47393.0,8446.0,15,2512.0,5934.0,9,0.0015959009,0
964,8981.0,6513.0,2468.0,0,360.0,2108.0,9,0.01012706,0
1222,41172.0,35773.0,5399.0,7,687.0,4712.0,10,0.0011873771,0
443,675.0,577.0,98.0,0,98.0,0.0,11,0.002491879,0
268,234.0,179.0,55.0,152,18.0,37.0,11,0.00035121554,0
1145,5998.0,4684.0,1314.0,9,278.0,1036.0,9,0.0038514575,0
20,87.0,74.0,13.0,0,13.0,0.0,11,0.3172435,0
2870,35177.0,24061.0,11116.0,22,2729.0,8387.0,9,0.069815546,0
16,112.0,87.0,25.0,0,5.0,20.0,9,0.120492555,0
2976,16521.0,10351.0,6170.0,146,619.0,5551.0,7,0.036396768,0
2852,16871.0,13384.0,3487.0,22,1024.0,2463.0,10,0.012607166,0
1049,5655.0,3724.0,1931.0,8,191.0,1740.0,11,0.00052017305,0
567,6318.0,5445.0,873.0,0,163.0,710.0,9,0.3929681,0
125,1650.0,1238.0,412.0,1,97.0,315.0,12,0.25739905,0
494,25782.0,15562.0,10220.0,64,0.0,10220.0,6,0.019241296,0
505,15101.0,9478.0,5623.0,69,295.0,5328.0,12,0.0035020818,0
1507,14939.0,10655.0,4284.0,23,695.0,3589.0,9,0.023726912,0
142,3686.0,2777.0,909.0,1,223.0,686.0,9,0.43244386,0
345,47857.0,34683.0,13174.0,46,869.0,12305.0,3,0.0006617558,0
190,10593.0,7117.0,3476.0,3,190.0,3286.0,12,0.0040368675,0
904,12659.0,9641.0,3018.0,36,476.0,2542.0,11,0.001162612,0
1873,15141.0,10662.0,4479.0,84,711.0,3768.0,9,0.012094403,0
269,3855.0,3130.0,725.0,0,725.0,0.0,12,0.06760071,0
2325,21033.0,13296.0,7737.0,11,737.0,7000.0,10,0.014120602,0
3953,9088.0,5977.0,3111.0,8,589.0,2522.0,9,0.00054470234,0
2301,22080.0,11836.0,10244.0,5,1688.0,8556.0,9,0.014983222,0
5352,48670.0,35897.0,12773.0,189,3962.0,8811.0,7,0.00046767766,0
3701,56221.0,40198.0,16023.0,28,2442.0,13581.0,12,0.0016130068,0
1483,6333.0,4441.0,1892.0,9,476.0,1416.0,9,0.0019459696,0
1594,15202.0,12201.0,3001.0,19,1067.0,1934.0,11,0.003776269,0
4615,89489.0,56746.0,32743.0,111,744.0,31999.0,7,0.00063099083,0
908,10161.0,2352.0,7809.0,75,0.0,7809.0,4,0.00037450044,0
4518,35123.0,31090.0,4033.0,29,1240.0,2793.0,11,0.00042152364,0
3851,17905.0,9563.0,8342.0,12,842.0,7500.0,9,0.015911318,0
1407,17406.0,13170.0,4236.0,0,1115.0,3121.0,11,0.13900505,0
362,7751.0,5610.0,2141.0,0,723.0,1418.0,10,0.2944644,0
415,3515.0,2765.0,750.0,4,122.0,628.0,10,0.006441483,0
363,5192.0,3621.0,1571.0,25,246.0,1325.0,12,0.0024927265,0
61,409.0,270.0,139.0,9,25.0,114.0,11,0.0009454844,0
1698,19468.0,15994.0,3474.0,6,862.0,2612.0,11,0.006699603,0
1502,5964.0,2703.0,3261.0,1,270.0,2991.0,10,0.0017489833,0
576,5439.0,3812.0,1627.0,0,184.0,1443.0,10,0.007363584,0
224,49.0,39.0,10.0,1,10.0,0.0,9,0.011756644,0
266,4994.0,2721.0,2273.0,5,120.0,2153.0,11,0.0010057344,0
371,6926.0,5073.0,1853.0,11,111.0,1742.0,11,0.0017565298,0
431,5799.0,3239.0,2560.0,0,815.0,1745.0,10,0.04948558,0
719,18938.0,10705.0,8233.0,1,1227.0,7006.0,10,0.036286265,0
1140,5970.0,3449.0,2521.0,14,335.0,2186.0,11,0.00033233708,0
363,3605.0,2384.0,1221.0,34,0.0,1221.0,7,0.0002769056,0
2046,36216.0,26298.0,9918.0,6,2567.0,7351.0,12,0.00955355,0
243,2661.0,1470.0,1191.0,2,238.0,953.0,9,0.005199678,0
974,25451.0,19990.0,5461.0,26,595.0,4866.0,5,0.018495766,0
1407,27984.0,13706.0,14278.0,7,1439.0,12839.0,10,0.06798363,0
220,7550.0,4767.0,2783.0,2,105.0,2678.0,12,0.0027698854,0
200,2624.0,2228.0,396.0,1,64.0,332.0,10,0.07555198,0
847,16723.0,6433.0,10290.0,0,897.0,9393.0,10,0.01679818,0
941,7359.0,5873.0,1486.0,0,305.0,1181.0,10,0.005847656,0
163,1695.0,371.0,1324.0,0,0.0,1324.0,11,0.014969344,0
137,264.0,161.0,103.0,11,0.0,103.0,7,0.0023380672,0
54,10081.0,7568.0,2513.0,23,0.0,2513.0,4,0.00078353955,0
24,338.0,201.0,137.0,0,15.0,122.0,9,0.04215317,0
474,4637.0,2985.0,1652.0,4,209.0,1443.0,12,0.0010256676,0
1666,14058.0,10077.0,3981.0,33,697.0,3284.0,11,0.0012921398,0
123,6717.0,3548.0,3169.0,1,219.0,2950.0,12,0.04006265,0
1306,21600.0,16667.0,4933.0,3,352.0,4581.0,10,0.012262995,0
1372,27940.0,22068.0,5872.0,36,1737.0,4135.0,12,0.067071475,0
1622,16195.0,10832.0,5363.0,15,665.0,4698.0,12,0.0018810977,0
160,1604.0,1219.0,385.0,14,29.0,356.0,9,0.0029434355,0
7066,89093.0,42823.0,46270.0,32,2075.0,44195.0,9,0.0013362775,0
1577,24180.0,17908.0,6272.0,10,2102.0,4170.0,6,0.12597555,0
1063,13654.0,8293.0,5361.0,29,613.0,4748.0,10,0.0066577364,0
1017,10919.0,7187.0,3732.0,13,434.0,3298.0,11,0.00063181133,0
2071,18882.0,10351.0,8531.0,434,0.0,8531.0,4,0.006849744,0
32,3427.0,3121.0,306.0,2,279.0,27.0,12,0.28193352,0
282,10029.0,6910.0,3119.0,7,1299.0,1820.0,11,0.017925452,0
3463,32101.0,22706.0,9395.0,50,1135.0,8260.0,11,0.0017664168,0
133,27580.0,18379.0,9201.0,20,2099.0,7102.0,5,0.021157984,0
